{"resources":["public/media/sfx.ogg","public/media/sfx.m4a","public/media/sfx.mp3"],"spritemap":{"coin":{"start":0,"end":2.5338775510204083,"loop":false},"die-f":{"start":3.1,"end":4.305986394557824,"loop":false},"die-m":{"start":5.2,"end":5.9314285714285715,"loop":false},"door-closed":{"start":6.3,"end":7.3,"loop":false},"door-open":{"start":7.3999999999999995,"end":8.314285714285713,"loop":false},"exciting-end":{"start":8.499999999999998,"end":14.604331065759634,"loop":false},"fireball-hit":{"start":15.599999999999998,"end":15.832970521541949,"loop":false},"fireball":{"start":16.7,"end":17.195804988662132,"loop":false},"health":{"start":17.8,"end":21,"loop":false},"hit-f-1":{"start":21.9,"end":22.586507936507935,"loop":false},"hit-f-2":{"start":23,"end":23.314943310657597,"loop":false},"hit-f-3":{"start":24.1,"end":24.457868480725626,"loop":false},"hit-m-1":{"start":25.200000000000003,"end":25.644081632653062,"loop":false},"hit-m-2":{"start":26.3,"end":26.71795918367347,"loop":false},"hit-m-3":{"start":27.400000000000002,"end":27.922448979591838,"loop":false},"melee-1":{"start":28.5,"end":29.105056689342405,"loop":false},"melee-2":{"start":29.6,"end":30.230204081632653,"loop":false},"melee-hit":{"start":30.7,"end":30.89519274376417,"loop":false},"monster-1":{"start":31.799999999999997,"end":32.19183673469387,"loop":false},"monster-2":{"start":32.89999999999999,"end":33.29183673469387,"loop":false},"monster-3":{"start":33.999999999999986,"end":34.444081632653045,"loop":false},"monster-4":{"start":35.09999999999999,"end":35.779183673469376,"loop":false},"monster-5":{"start":36.19999999999999,"end":37.06204081632652,"loop":false},"monster-bug-1":{"start":37.29999999999999,"end":37.580090702947835,"loop":false},"monster-bug-2":{"start":38.39999999999999,"end":38.71562358276643,"loop":false},"monster-bug-3":{"start":39.49999999999999,"end":39.751564625850335,"loop":false},"monster-demon-1":{"start":40.599999999999994,"end":41.268231292517,"loop":false},"monster-demon-2":{"start":41.699999999999996,"end":42.36666666666666,"loop":false},"monster-demon-3":{"start":42.79999999999999,"end":43.89637188208616,"loop":false},"monster-ice-1":{"start":44.89999999999999,"end":45.315691609977314,"loop":false},"monster-ice-2":{"start":45.99999999999999,"end":46.45850340136054,"loop":false},"monster-ice-3":{"start":47.099999999999994,"end":47.572766439909294,"loop":false},"monster-nec-1":{"start":48.199999999999996,"end":48.35095238095238,"loop":false},"monster-nec-2":{"start":49.3,"end":49.54873015873016,"loop":false},"monster-nec-3":{"start":50.4,"end":51.143038548752834,"loop":false},"monster-zombie-1":{"start":51.5,"end":52.14585034013606,"loop":false},"monster-zombie-2":{"start":52.6,"end":53.22501133786848,"loop":false},"monster-zombie-3":{"start":53.7,"end":54.62605442176871,"loop":false},"rise-3":{"start":54.8,"end":56.26285714285714,"loop":false}}}